Day,Month,Year,FlightType,Arrival_Departure,Domestic_International,FlightOpsCount
1,1,2006,Charter,Departure,Domestic,62
1,1,2006,Charter,Arrival,International,299
1,1,2006,Charter,Arrival,Domestic,57
1,1,2006,Charter,Departure,International,5
1,1,2006,Scheduled,Departure,International,4116
1,1,2006,Scheduled,Departure,Domestic,19661
1,1,2006,Scheduled,Arrival,International,4057
1,1,2006,Scheduled,Arrival,Domestic,19691
2,1,2006,Scheduled,Arrival,International,3409
2,1,2006,Charter,Departure,International,100
2,1,2006,Charter,Departure,Domestic,21
2,1,2006,Scheduled,Departure,Domestic,17847
2,1,2006,Scheduled,Arrival,Domestic,17833
2,1,2006,Charter,Arrival,International,101
2,1,2006,Charter,Arrival,Domestic,22
2,1,2006,Scheduled,Departure,International,3426
3,1,2006,Charter,Departure,International,5
3,1,2006,Scheduled,Arrival,Domestic,20142
3,1,2006,Charter,Arrival,International,4
3,1,2006,Charter,Departure,Domestic,47
3,1,2006,Scheduled,Arrival,International,3983
3,1,2006,Charter,Arrival,Domestic,51
3,1,2006,Scheduled,Departure,Domestic,20179
3,1,2006,Scheduled,Departure,International,3991
4,1,2006,Scheduled,Arrival,Domestic,19305
4,1,2006,Charter,Departure,Domestic,52
4,1,2006,Scheduled,Departure,International,3928
4,1,2006,Scheduled,Departure,Domestic,19347
4,1,2006,Charter,Arrival,International,2
4,1,2006,Scheduled,Arrival,International,3915
4,1,2006,Charter,Arrival,Domestic,57
5,1,2006,Scheduled,Arrival,International,4009
5,1,2006,Scheduled,Arrival,Domestic,20215
5,1,2006,Charter,Departure,International,3
5,1,2006,Scheduled,Departure,Domestic,20227
5,1,2006,Scheduled,Departure,International,4025
5,1,2006,Charter,Arrival,International,5
5,1,2006,Charter,Arrival,Domestic,26
5,1,2006,Charter,Departure,Domestic,24
6,1,2006,Scheduled,Departure,International,4067
6,1,2006,Scheduled,Departure,Domestic,20191
6,1,2006,Scheduled,Arrival,Domestic,20188
6,1,2006,Charter,Departure,Domestic,18
6,1,2006,Charter,Arrival,Domestic,18
6,1,2006,Charter,Arrival,International,1
6,1,2006,Scheduled,Arrival,International,4069
7,1,2006,Scheduled,Departure,International,4545
7,1,2006,Charter,Arrival,International,2
7,1,2006,Scheduled,Arrival,International,4522
7,1,2006,Scheduled,Departure,Domestic,20975
7,1,2006,Scheduled,Arrival,Domestic,20958
7,1,2006,Charter,Departure,Domestic,14
7,1,2006,Charter,Arrival,Domestic,16
8,1,2006,Charter,Arrival,Domestic,15
8,1,2006,Scheduled,Arrival,International,4343
8,1,2006,Scheduled,Arrival,Domestic,21377
8,1,2006,Charter,Departure,Domestic,16
8,1,2006,Scheduled,Departure,International,4368
8,1,2006,Scheduled,Departure,Domestic,21406
8,1,2006,Charter,Arrival,International,1
9,1,2006,Scheduled,Departure,International,3902
9,1,2006,Charter,Departure,Domestic,18
9,1,2006,Charter,Arrival,Domestic,24
9,1,2006,Charter,Arrival,International,1
9,1,2006,Scheduled,Departure,Domestic,19718
9,1,2006,Scheduled,Arrival,International,3860
9,1,2006,Scheduled,Arrival,Domestic,19735
10,1,2006,Scheduled,Departure,Domestic,20467
10,1,2006,Charter,Arrival,International,285
10,1,2006,Scheduled,Arrival,Domestic,20427
10,1,2006,Scheduled,Departure,International,3938
10,1,2006,Charter,Departure,Domestic,50
10,1,2006,Charter,Arrival,Domestic,48
10,1,2006,Scheduled,Arrival,International,3645
11,1,2006,Charter,Departure,Domestic,50
11,1,2006,Scheduled,Departure,Domestic,19627
11,1,2006,Scheduled,Departure,International,3757
11,1,2006,Charter,Arrival,Domestic,48
11,1,2006,Charter,Arrival,International,3
11,1,2006,Scheduled,Arrival,International,3745
11,1,2006,Charter,Departure,International,2
11,1,2006,Scheduled,Arrival,Domestic,19627
12,1,2006,Charter,Arrival,Domestic,46
12,1,2006,Charter,Arrival,International,6
12,1,2006,Charter,Departure,International,3
12,1,2006,Scheduled,Arrival,International,4126
12,1,2006,Scheduled,Arrival,Domestic,20561
12,1,2006,Charter,Departure,Domestic,44
12,1,2006,Scheduled,Departure,Domestic,20618
12,1,2006,Scheduled,Departure,International,4143
1,1,2007,Scheduled,Arrival,Domestic,20221
1,1,2007,Scheduled,Departure,Domestic,20246
1,1,2007,Charter,Departure,Domestic,42
1,1,2007,Charter,Arrival,Domestic,38
1,1,2007,Charter,Arrival,International,3
1,1,2007,Scheduled,Departure,International,4402
1,1,2007,Charter,Departure,International,3
1,1,2007,Scheduled,Arrival,International,4395
2,1,2007,Charter,Arrival,International,7
2,1,2007,Scheduled,Departure,Domestic,18238
2,1,2007,Charter,Departure,International,5
2,1,2007,Scheduled,Arrival,Domestic,18204
2,1,2007,Charter,Departure,Domestic,16
2,1,2007,Charter,Arrival,Domestic,14
2,1,2007,Scheduled,Arrival,International,3862
2,1,2007,Scheduled,Departure,International,3866
3,1,2007,Charter,Departure,Domestic,33
3,1,2007,Charter,Departure,International,4
3,1,2007,Scheduled,Departure,International,4193
3,1,2007,Charter,Arrival,Domestic,33
3,1,2007,Scheduled,Departure,Domestic,20935
3,1,2007,Scheduled,Arrival,International,4191
3,1,2007,Scheduled,Arrival,Domestic,20841
3,1,2007,Charter,Arrival,International,4
4,1,2007,Scheduled,Departure,Domestic,19903
4,1,2007,Scheduled,Arrival,Domestic,19843
4,1,2007,Charter,Arrival,Domestic,26
4,1,2007,Scheduled,Departure,International,4174
4,1,2007,Charter,Departure,Domestic,24
4,1,2007,Charter,Arrival,International,2
4,1,2007,Scheduled,Arrival,International,4159
5,1,2007,Charter,Arrival,International,1
5,1,2007,Scheduled,Departure,International,4210
5,1,2007,Scheduled,Departure,Domestic,20539
5,1,2007,Scheduled,Arrival,Domestic,20489
5,1,2007,Charter,Departure,International,2
5,1,2007,Charter,Arrival,Domestic,12
5,1,2007,Charter,Departure,Domestic,13
5,1,2007,Scheduled,Arrival,International,4197
6,1,2007,Scheduled,Departure,International,4358
6,1,2007,Charter,Arrival,Domestic,12
6,1,2007,Charter,Arrival,International,1
6,1,2007,Charter,Departure,Domestic,9
6,1,2007,Scheduled,Arrival,Domestic,20501
6,1,2007,Scheduled,Arrival,International,4322
6,1,2007,Scheduled,Departure,Domestic,20569
7,1,2007,Charter,Departure,International,1
7,1,2007,Scheduled,Departure,International,4862
7,1,2007,Scheduled,Arrival,International,4822
7,1,2007,Charter,Arrival,International,1
7,1,2007,Charter,Departure,Domestic,18
7,1,2007,Charter,Arrival,Domestic,21
7,1,2007,Scheduled,Arrival,Domestic,22098
7,1,2007,Scheduled,Departure,Domestic,22217
8,1,2007,Scheduled,Departure,International,4819
8,1,2007,Charter,Departure,Domestic,8
8,1,2007,Scheduled,Departure,Domestic,22399
8,1,2007,Charter,Arrival,Domestic,7
8,1,2007,Scheduled,Arrival,International,4828
8,1,2007,Scheduled,Arrival,Domestic,22241
8,1,2007,Charter,Arrival,International,1
9,1,2007,Scheduled,Departure,International,4227
9,1,2007,Charter,Arrival,Domestic,24
9,1,2007,Scheduled,Arrival,Domestic,20746
9,1,2007,Scheduled,Departure,Domestic,20876
9,1,2007,Charter,Departure,Domestic,20
9,1,2007,Scheduled,Arrival,International,4236
9,1,2007,Charter,Arrival,International,3
10,1,2007,Charter,Arrival,International,1
10,1,2007,Scheduled,Arrival,Domestic,21676
10,1,2007,Charter,Departure,International,1
10,1,2007,Charter,Departure,Domestic,39
10,1,2007,Scheduled,Departure,International,4154
10,1,2007,Scheduled,Arrival,International,4164
10,1,2007,Charter,Arrival,Domestic,40
10,1,2007,Scheduled,Departure,Domestic,21767
11,1,2007,Charter,Arrival,International,3
11,1,2007,Scheduled,Departure,International,4081
11,1,2007,Charter,Departure,International,3
11,1,2007,Scheduled,Departure,Domestic,21003
11,1,2007,Scheduled,Arrival,International,4104
11,1,2007,Charter,Departure,Domestic,34
11,1,2007,Charter,Arrival,Domestic,37
11,1,2007,Scheduled,Arrival,Domestic,20920
12,1,2007,Charter,Arrival,International,2
12,1,2007,Scheduled,Departure,Domestic,21516
12,1,2007,Scheduled,Arrival,International,4577
12,1,2007,Charter,Departure,Domestic,31
12,1,2007,Scheduled,Departure,International,4551
12,1,2007,Scheduled,Arrival,Domestic,21414
12,1,2007,Charter,Departure,International,1
12,1,2007,Charter,Arrival,Domestic,38
1,1,2008,Charter,Arrival,Domestic,38
1,1,2008,Scheduled,Departure,Domestic,20254
1,1,2008,Scheduled,Departure,International,4406
1,1,2008,Scheduled,Arrival,Domestic,20194
1,1,2008,Charter,Departure,Domestic,43
1,1,2008,Charter,Departure,International,7
1,1,2008,Charter,Arrival,International,8
1,1,2008,Scheduled,Arrival,International,4399
2,1,2008,Scheduled,Departure,International,4004
2,1,2008,Scheduled,Arrival,International,3993
2,1,2008,Charter,Arrival,Domestic,16
2,1,2008,Charter,Arrival,International,5
2,1,2008,Scheduled,Arrival,Domestic,18711
2,1,2008,Scheduled,Departure,Domestic,18769
2,1,2008,Charter,Departure,International,5
2,1,2008,Charter,Departure,Domestic,19
3,1,2008,Charter,Departure,International,6
3,1,2008,Charter,Arrival,International,5
3,1,2008,Scheduled,Departure,Domestic,19984
3,1,2008,Scheduled,Arrival,International,4381
3,1,2008,Charter,Arrival,Domestic,39
3,1,2008,Scheduled,Departure,International,4373
3,1,2008,Charter,Departure,Domestic,38
3,1,2008,Scheduled,Arrival,Domestic,19917
4,1,2008,Scheduled,Departure,International,4159
4,1,2008,Scheduled,Arrival,Domestic,19477
4,1,2008,Charter,Departure,Domestic,26
4,1,2008,Charter,Departure,International,4
4,1,2008,Charter,Arrival,Domestic,24
4,1,2008,Scheduled,Arrival,International,4166
4,1,2008,Charter,Arrival,International,5
4,1,2008,Scheduled,Departure,Domestic,19532
5,1,2008,Scheduled,Departure,International,4213
5,1,2008,Charter,Arrival,International,1
5,1,2008,Charter,Arrival,Domestic,20
5,1,2008,Scheduled,Departure,Domestic,20244
5,1,2008,Charter,Departure,International,1
5,1,2008,Scheduled,Arrival,Domestic,20217
5,1,2008,Scheduled,Arrival,International,4199
5,1,2008,Charter,Departure,Domestic,15
6,1,2008,Scheduled,Arrival,Domestic,20817
6,1,2008,Scheduled,Arrival,International,4280
6,1,2008,Charter,Arrival,Domestic,30
6,1,2008,Scheduled,Departure,Domestic,20704
6,1,2008,Scheduled,Departure,International,4291
6,1,2008,Charter,Arrival,International,1
6,1,2008,Charter,Departure,Domestic,26
7,1,2008,Charter,Arrival,International,2
7,1,2008,Scheduled,Arrival,Domestic,21271
7,1,2008,Scheduled,Arrival,International,4454
7,1,2008,Scheduled,Departure,Domestic,21380
7,1,2008,Charter,Arrival,Domestic,14
7,1,2008,Scheduled,Departure,International,4444
7,1,2008,Charter,Departure,Domestic,16
8,1,2008,Scheduled,Departure,Domestic,20943
8,1,2008,Scheduled,Arrival,Domestic,20856
8,1,2008,Scheduled,Departure,International,4347
8,1,2008,Charter,Arrival,International,1
8,1,2008,Charter,Departure,International,2
8,1,2008,Charter,Arrival,Domestic,14
8,1,2008,Scheduled,Arrival,International,4345
8,1,2008,Charter,Departure,Domestic,12
9,1,2008,Charter,Departure,International,3
9,1,2008,Scheduled,Departure,Domestic,17364
9,1,2008,Scheduled,Arrival,Domestic,17334
9,1,2008,Charter,Departure,Domestic,14
9,1,2008,Scheduled,Arrival,International,3773
9,1,2008,Charter,Arrival,Domestic,14
9,1,2008,Charter,Arrival,International,3
9,1,2008,Scheduled,Departure,International,3781
10,1,2008,Charter,Departure,International,9
10,1,2008,Charter,Arrival,Domestic,21
10,1,2008,Scheduled,Departure,Domestic,18079
10,1,2008,Charter,Departure,Domestic,23
10,1,2008,Scheduled,Departure,International,3777
10,1,2008,Scheduled,Arrival,Domestic,18015
10,1,2008,Scheduled,Arrival,International,3793
11,1,2008,Scheduled,Arrival,Domestic,16393
11,1,2008,Charter,Departure,Domestic,28
11,1,2008,Scheduled,Arrival,International,3478
11,1,2008,Scheduled,Departure,International,3468
11,1,2008,Charter,Arrival,Domestic,28
11,1,2008,Scheduled,Departure,Domestic,16425
11,1,2008,Charter,Departure,International,8
11,1,2008,Charter,Arrival,International,3
12,1,2008,Scheduled,Departure,International,3729
12,1,2008,Scheduled,Arrival,International,3739
12,1,2008,Scheduled,Arrival,Domestic,17155
12,1,2008,Scheduled,Departure,Domestic,17170
12,1,2008,Charter,Arrival,International,2
12,1,2008,Charter,Departure,Domestic,43
12,1,2008,Charter,Arrival,Domestic,50
1,1,2009,Scheduled,Departure,International,3647
1,1,2009,Charter,Departure,Domestic,43
1,1,2009,Scheduled,Arrival,International,3670
1,1,2009,Scheduled,Departure,Domestic,16824
1,1,2009,Charter,Arrival,Domestic,35
1,1,2009,Charter,Departure,International,6
1,1,2009,Charter,Arrival,International,6
1,1,2009,Scheduled,Arrival,Domestic,16788
2,1,2009,Charter,Arrival,Domestic,33
2,1,2009,Charter,Arrival,International,6
2,1,2009,Scheduled,Departure,Domestic,15409
2,1,2009,Charter,Departure,Domestic,33
2,1,2009,Scheduled,Arrival,International,3207
2,1,2009,Scheduled,Arrival,Domestic,15368
2,1,2009,Scheduled,Departure,International,3192
2,1,2009,Charter,Departure,International,6
3,1,2009,Scheduled,Arrival,International,3640
3,1,2009,Scheduled,Arrival,Domestic,17458
3,1,2009,Charter,Departure,Domestic,49
3,1,2009,Charter,Departure,International,11
3,1,2009,Charter,Arrival,Domestic,50
3,1,2009,Charter,Arrival,International,10
3,1,2009,Scheduled,Departure,Domestic,17511
3,1,2009,Scheduled,Departure,International,3611
4,1,2009,Scheduled,Arrival,Domestic,16828
4,1,2009,Charter,Arrival,International,5
4,1,2009,Scheduled,Departure,Domestic,16861
4,1,2009,Charter,Departure,International,6
4,1,2009,Scheduled,Arrival,International,3602
4,1,2009,Charter,Departure,Domestic,43
4,1,2009,Scheduled,Departure,International,3586
4,1,2009,Charter,Arrival,Domestic,42
5,1,2009,Charter,Arrival,International,3
5,1,2009,Scheduled,Arrival,International,3532
5,1,2009,Scheduled,Departure,International,3522
5,1,2009,Charter,Departure,Domestic,30
5,1,2009,Charter,Departure,International,3
5,1,2009,Scheduled,Arrival,Domestic,17436
5,1,2009,Scheduled,Departure,Domestic,17466
5,1,2009,Charter,Arrival,Domestic,32
6,1,2009,Scheduled,Arrival,International,3509
6,1,2009,Charter,Arrival,International,8
6,1,2009,Scheduled,Departure,International,3517
6,1,2009,Charter,Departure,International,7
6,1,2009,Charter,Departure,Domestic,40
6,1,2009,Scheduled,Arrival,Domestic,17843
6,1,2009,Scheduled,Departure,Domestic,17872
6,1,2009,Charter,Arrival,Domestic,36
7,1,2009,Scheduled,Arrival,International,3967
7,1,2009,Charter,Arrival,Domestic,26
7,1,2009,Scheduled,Departure,International,3959
7,1,2009,Charter,Arrival,International,5
7,1,2009,Charter,Departure,International,5
7,1,2009,Scheduled,Arrival,Domestic,18833
7,1,2009,Scheduled,Departure,Domestic,18918
7,1,2009,Charter,Departure,Domestic,27
8,1,2009,Scheduled,Departure,Domestic,18740
8,1,2009,Charter,Arrival,International,5
8,1,2009,Charter,Arrival,Domestic,5
8,1,2009,Scheduled,Departure,International,3929
8,1,2009,Charter,Departure,Domestic,8
8,1,2009,Scheduled,Arrival,International,3907
8,1,2009,Charter,Departure,International,5
8,1,2009,Scheduled,Arrival,Domestic,18712
9,1,2009,Scheduled,Arrival,Domestic,16981
9,1,2009,Charter,Arrival,Domestic,23
9,1,2009,Scheduled,Arrival,International,3450
9,1,2009,Charter,Departure,International,1
9,1,2009,Charter,Arrival,International,3
9,1,2009,Charter,Departure,Domestic,22
9,1,2009,Scheduled,Departure,International,3453
9,1,2009,Scheduled,Departure,Domestic,16992
10,1,2009,Charter,Arrival,International,190
10,1,2009,Scheduled,Arrival,Domestic,17674
10,1,2009,Scheduled,Departure,International,3398
10,1,2009,Charter,Departure,International,191
10,1,2009,Scheduled,Departure,Domestic,17729
10,1,2009,Charter,Arrival,Domestic,33
10,1,2009,Charter,Departure,Domestic,31
10,1,2009,Scheduled,Arrival,International,3402
11,1,2009,Scheduled,Arrival,Domestic,16858
11,1,2009,Scheduled,Departure,Domestic,16884
11,1,2009,Scheduled,Arrival,International,3504
11,1,2009,Charter,Arrival,International,4
11,1,2009,Scheduled,Departure,International,3503
11,1,2009,Charter,Departure,Domestic,37
11,1,2009,Charter,Departure,International,3
11,1,2009,Charter,Arrival,Domestic,37
12,1,2009,Scheduled,Departure,International,3920
12,1,2009,Charter,Arrival,Domestic,59
12,1,2009,Scheduled,Departure,Domestic,17634
12,1,2009,Scheduled,Arrival,International,8760
12,1,2009,Charter,Departure,Domestic,43
12,1,2009,Scheduled,Arrival,Domestic,17610
1,1,2010,Charter,Arrival,International,1
1,1,2010,Scheduled,Departure,International,3889
1,1,2010,Scheduled,Departure,Domestic,17296
1,1,2010,Charter,Arrival,Domestic,269
1,1,2010,Scheduled,Arrival,Domestic,17233
1,1,2010,Charter,Departure,Domestic,84
1,1,2010,Scheduled,Arrival,International,3893
2,1,2010,Charter,Arrival,International,3
2,1,2010,Charter,Arrival,Domestic,31
2,1,2010,Scheduled,Departure,Domestic,15759
2,1,2010,Scheduled,Arrival,Domestic,15704
2,1,2010,Scheduled,Arrival,International,3372
2,1,2010,Scheduled,Departure,International,3372
2,1,2010,Charter,Departure,International,2
2,1,2010,Charter,Departure,Domestic,32
3,1,2010,Scheduled,Departure,International,3727
3,1,2010,Charter,Departure,International,1
3,1,2010,Charter,Arrival,International,3
3,1,2010,Scheduled,Arrival,Domestic,18157
3,1,2010,Scheduled,Departure,Domestic,18226
3,1,2010,Scheduled,Arrival,International,3729
3,1,2010,Charter,Departure,Domestic,28
3,1,2010,Charter,Arrival,Domestic,25
4,1,2010,Scheduled,Arrival,Domestic,17663
4,1,2010,Scheduled,Departure,Domestic,17652
4,1,2010,Scheduled,Arrival,International,3685
4,1,2010,Charter,Departure,Domestic,20
4,1,2010,Charter,Arrival,Domestic,20
4,1,2010,Scheduled,Departure,International,3679
4,1,2010,Charter,Arrival,International,3
5,1,2010,Charter,Departure,International,5
5,1,2010,Scheduled,Departure,Domestic,18358
5,1,2010,Scheduled,Arrival,Domestic,18347
5,1,2010,Charter,Arrival,International,4
5,1,2010,Scheduled,Arrival,International,3775
5,1,2010,Charter,Departure,Domestic,17
5,1,2010,Scheduled,Departure,International,3771
5,1,2010,Charter,Arrival,Domestic,15
6,1,2010,Charter,Arrival,Domestic,16
6,1,2010,Scheduled,Arrival,Domestic,18580
6,1,2010,Charter,Departure,International,11
6,1,2010,Scheduled,Arrival,International,3810
6,1,2010,Charter,Arrival,International,10
6,1,2010,Scheduled,Departure,International,3816
6,1,2010,Charter,Departure,Domestic,20
6,1,2010,Scheduled,Departure,Domestic,18695
7,1,2010,Charter,Arrival,International,9
7,1,2010,Charter,Arrival,Domestic,7
7,1,2010,Scheduled,Arrival,Domestic,19398
7,1,2010,Charter,Departure,Domestic,16
7,1,2010,Charter,Departure,International,9
7,1,2010,Scheduled,Departure,International,4160
7,1,2010,Scheduled,Departure,Domestic,19400
7,1,2010,Scheduled,Arrival,International,4185
8,1,2010,Charter,Arrival,International,11
8,1,2010,Charter,Arrival,Domestic,10
8,1,2010,Scheduled,Arrival,International,4002
8,1,2010,Scheduled,Departure,International,3999
8,1,2010,Charter,Departure,International,9
8,1,2010,Scheduled,Arrival,Domestic,19319
8,1,2010,Scheduled,Departure,Domestic,19321
8,1,2010,Charter,Departure,Domestic,7
9,1,2010,Scheduled,Departure,Domestic,17634
9,1,2010,Charter,Arrival,Domestic,10
9,1,2010,Scheduled,Arrival,International,3330
9,1,2010,Charter,Arrival,International,9
9,1,2010,Charter,Departure,International,6
9,1,2010,Scheduled,Departure,International,3326
9,1,2010,Scheduled,Arrival,Domestic,17637
9,1,2010,Charter,Departure,Domestic,11
10,1,2010,Scheduled,Arrival,Domestic,18165
10,1,2010,Scheduled,Departure,Domestic,18151
10,1,2010,Scheduled,Departure,International,3485
10,1,2010,Charter,Departure,International,2
10,1,2010,Charter,Arrival,International,2
10,1,2010,Charter,Departure,Domestic,24
10,1,2010,Scheduled,Arrival,International,3491
10,1,2010,Charter,Arrival,Domestic,25
11,1,2010,Scheduled,Departure,Domestic,17286
11,1,2010,Charter,Departure,Domestic,39
11,1,2010,Charter,Arrival,Domestic,38
11,1,2010,Scheduled,Arrival,Domestic,17208
11,1,2010,Charter,Arrival,International,3
11,1,2010,Scheduled,Arrival,International,3416
11,1,2010,Charter,Departure,International,1
11,1,2010,Scheduled,Departure,International,3408
12,1,2010,Charter,Departure,International,1
12,1,2010,Charter,Departure,Domestic,35
12,1,2010,Scheduled,Departure,Domestic,17888
12,1,2010,Charter,Arrival,International,3
12,1,2010,Scheduled,Arrival,International,3704
12,1,2010,Scheduled,Departure,International,3705
12,1,2010,Scheduled,Arrival,Domestic,17946
12,1,2010,Charter,Arrival,Domestic,60
1,1,2011,Scheduled,Departure,Domestic,17601
1,1,2011,Scheduled,Arrival,International,3777
1,1,2011,Charter,Departure,International,1
1,1,2011,Charter,Arrival,Domestic,41
1,1,2011,Charter,Arrival,International,2
1,1,2011,Scheduled,Departure,International,3779
1,1,2011,Scheduled,Arrival,Domestic,17612
1,1,2011,Charter,Departure,Domestic,67
2,1,2011,Scheduled,Arrival,International,3387
2,1,2011,Charter,Arrival,Domestic,16
2,1,2011,Scheduled,Departure,Domestic,15984
2,1,2011,Charter,Departure,International,7
2,1,2011,Scheduled,Departure,International,3384
2,1,2011,Charter,Arrival,International,10
2,1,2011,Charter,Departure,Domestic,16
2,1,2011,Scheduled,Arrival,Domestic,15973
3,1,2011,Charter,Departure,Domestic,24
3,1,2011,Scheduled,Departure,International,3840
3,1,2011,Charter,Arrival,International,6
3,1,2011,Scheduled,Departure,Domestic,18599
3,1,2011,Charter,Arrival,Domestic,23
3,1,2011,Scheduled,Arrival,Domestic,18615
3,1,2011,Scheduled,Arrival,International,3833
4,1,2011,Scheduled,Arrival,Domestic,18516
4,1,2011,Charter,Departure,Domestic,19
4,1,2011,Charter,Arrival,Domestic,21
4,1,2011,Scheduled,Arrival,International,3967
4,1,2011,Charter,Arrival,International,4
4,1,2011,Scheduled,Departure,Domestic,18681
4,1,2011,Charter,Departure,International,2
4,1,2011,Scheduled,Departure,International,3793
5,1,2011,Scheduled,Departure,Domestic,19473
5,1,2011,Scheduled,Departure,International,3894
5,1,2011,Charter,Departure,International,1
5,1,2011,Charter,Departure,Domestic,17
5,1,2011,Scheduled,Arrival,Domestic,19479
5,1,2011,Charter,Arrival,Domestic,14
5,1,2011,Charter,Arrival,International,1
5,1,2011,Scheduled,Arrival,International,3897
6,1,2011,Charter,Departure,Domestic,9
6,1,2011,Scheduled,Arrival,Domestic,20073
6,1,2011,Charter,Departure,International,5
6,1,2011,Charter,Arrival,International,9
6,1,2011,Scheduled,Departure,Domestic,20057
6,1,2011,Scheduled,Departure,International,3941
6,1,2011,Charter,Arrival,Domestic,9
6,1,2011,Scheduled,Arrival,International,3949
7,1,2011,Charter,Arrival,International,6
7,1,2011,Scheduled,Departure,Domestic,20928
7,1,2011,Charter,Arrival,Domestic,4
7,1,2011,Charter,Departure,Domestic,6
7,1,2011,Scheduled,Arrival,Domestic,20949
7,1,2011,Scheduled,Departure,International,4236
7,1,2011,Charter,Departure,International,5
7,1,2011,Scheduled,Arrival,International,4235
8,1,2011,Scheduled,Departure,Domestic,20823
8,1,2011,Charter,Departure,Domestic,6
8,1,2011,Scheduled,Arrival,Domestic,20837
8,1,2011,Charter,Departure,International,6
8,1,2011,Charter,Arrival,Domestic,7
8,1,2011,Charter,Arrival,International,7
8,1,2011,Scheduled,Departure,International,4177
8,1,2011,Scheduled,Arrival,International,4184
9,1,2011,Scheduled,Departure,Domestic,18728
9,1,2011,Scheduled,Departure,International,3817
9,1,2011,Scheduled,Arrival,Domestic,18744
9,1,2011,Scheduled,Arrival,International,3825
9,1,2011,Charter,Departure,International,1
9,1,2011,Charter,Departure,Domestic,10
9,1,2011,Charter,Arrival,Domestic,11
9,1,2011,Charter,Arrival,International,2
10,1,2011,Charter,Arrival,Domestic,9
10,1,2011,Scheduled,Arrival,International,3884
10,1,2011,Charter,Departure,International,3
10,1,2011,Charter,Departure,Domestic,12
10,1,2011,Scheduled,Departure,Domestic,19214
10,1,2011,Scheduled,Departure,International,3876
10,1,2011,Scheduled,Arrival,Domestic,19212
10,1,2011,Charter,Arrival,International,1
11,1,2011,Charter,Arrival,Domestic,13
11,1,2011,Scheduled,Arrival,Domestic,18273
11,1,2011,Scheduled,Arrival,International,3554
11,1,2011,Charter,Departure,International,1
11,1,2011,Scheduled,Departure,International,3550
11,1,2011,Scheduled,Departure,Domestic,18268
11,1,2011,Charter,Departure,Domestic,12
11,1,2011,Charter,Arrival,International,1
12,1,2011,Charter,Departure,International,5
12,1,2011,Scheduled,Departure,Domestic,19136
12,1,2011,Scheduled,Arrival,Domestic,19159
12,1,2011,Charter,Arrival,Domestic,34
12,1,2011,Charter,Departure,Domestic,27
12,1,2011,Charter,Arrival,International,5
12,1,2011,Scheduled,Departure,International,3814
12,1,2011,Scheduled,Arrival,International,3818
1,1,2012,Charter,Departure,International,5
1,1,2012,Charter,Departure,Domestic,46
1,1,2012,Scheduled,Arrival,International,3773
1,1,2012,Charter,Arrival,Domestic,35
1,1,2012,Scheduled,Departure,International,3795
1,1,2012,Charter,Arrival,International,9
1,1,2012,Scheduled,Departure,Domestic,18464
1,1,2012,Scheduled,Arrival,Domestic,18477
2,1,2012,Scheduled,Arrival,International,3308
2,1,2012,Scheduled,Departure,International,3339
2,1,2012,Charter,Departure,Domestic,15
2,1,2012,Charter,Departure,International,6
2,1,2012,Scheduled,Arrival,Domestic,17605
2,1,2012,Charter,Arrival,Domestic,16
2,1,2012,Charter,Arrival,International,6
2,1,2012,Scheduled,Departure,Domestic,17638
3,1,2012,Scheduled,Departure,Domestic,19615
3,1,2012,Scheduled,Departure,International,3788
3,1,2012,Charter,Departure,International,3
3,1,2012,Scheduled,Arrival,International,3803
3,1,2012,Scheduled,Arrival,Domestic,19607
3,1,2012,Charter,Arrival,International,2
3,1,2012,Charter,Departure,Domestic,28
3,1,2012,Charter,Arrival,Domestic,28
4,1,2012,Charter,Departure,Domestic,30
4,1,2012,Scheduled,Arrival,Domestic,18846
4,1,2012,Scheduled,Arrival,International,3715
4,1,2012,Scheduled,Departure,International,3715
4,1,2012,Charter,Arrival,International,10
4,1,2012,Charter,Departure,International,3
4,1,2012,Scheduled,Departure,Domestic,18837
4,1,2012,Charter,Arrival,Domestic,24
5,1,2012,Charter,Arrival,International,3
5,1,2012,Scheduled,Departure,International,3763
5,1,2012,Charter,Departure,International,3
5,1,2012,Charter,Arrival,Domestic,25
5,1,2012,Scheduled,Arrival,International,3766
5,1,2012,Scheduled,Departure,Domestic,19426
5,1,2012,Charter,Departure,Domestic,25
5,1,2012,Scheduled,Arrival,Domestic,19424
6,1,2012,Charter,Departure,Domestic,19
6,1,2012,Charter,Departure,International,8
6,1,2012,Scheduled,Departure,Domestic,19993
6,1,2012,Scheduled,Departure,International,3786
6,1,2012,Charter,Arrival,Domestic,17
6,1,2012,Scheduled,Arrival,International,3785
6,1,2012,Scheduled,Arrival,Domestic,20003
6,1,2012,Charter,Arrival,International,4
7,1,2012,Scheduled,Arrival,Domestic,21109
7,1,2012,Scheduled,Departure,Domestic,20991
7,1,2012,Charter,Departure,Domestic,8
7,1,2012,Scheduled,Arrival,International,4135
7,1,2012,Charter,Arrival,Domestic,12
7,1,2012,Scheduled,Departure,International,4139
7,1,2012,Charter,Arrival,International,2
7,1,2012,Charter,Departure,International,6
8,1,2012,Charter,Arrival,International,2
8,1,2012,Scheduled,Arrival,Domestic,20832
8,1,2012,Scheduled,Arrival,International,4084
8,1,2012,Charter,Departure,Domestic,11
8,1,2012,Charter,Departure,International,2
8,1,2012,Scheduled,Departure,Domestic,20815
8,1,2012,Scheduled,Departure,International,4083
8,1,2012,Charter,Arrival,Domestic,12
9,1,2012,Scheduled,Departure,International,3627
9,1,2012,Charter,Arrival,International,6
9,1,2012,Scheduled,Departure,Domestic,18585
9,1,2012,Charter,Arrival,Domestic,9
9,1,2012,Scheduled,Arrival,International,3621
9,1,2012,Scheduled,Arrival,Domestic,18591
9,1,2012,Charter,Departure,Domestic,23
10,1,2012,Charter,Departure,Domestic,33
10,1,2012,Scheduled,Arrival,Domestic,18852
10,1,2012,Charter,Arrival,International,4
10,1,2012,Scheduled,Arrival,International,3610
10,1,2012,Scheduled,Departure,Domestic,18828
10,1,2012,Charter,Arrival,Domestic,19
10,1,2012,Scheduled,Departure,International,3605
11,1,2012,Charter,Arrival,Domestic,24
11,1,2012,Scheduled,Arrival,Domestic,18013
11,1,2012,Scheduled,Arrival,International,3342
11,1,2012,Charter,Departure,International,4
11,1,2012,Charter,Arrival,International,6
11,1,2012,Charter,Departure,Domestic,29
11,1,2012,Scheduled,Departure,International,3342
11,1,2012,Scheduled,Departure,Domestic,18015
12,1,2012,Charter,Departure,Domestic,28
12,1,2012,Scheduled,Arrival,Domestic,18617
12,1,2012,Charter,Arrival,International,8
12,1,2012,Scheduled,Departure,Domestic,18658
12,1,2012,Scheduled,Arrival,International,3743
12,1,2012,Scheduled,Departure,International,3731
12,1,2012,Charter,Departure,International,4
12,1,2012,Charter,Arrival,Domestic,31
1,1,2013,Charter,Departure,International,12
1,1,2013,Scheduled,Arrival,International,3695
1,1,2013,Charter,Arrival,International,12
1,1,2013,Scheduled,Departure,International,3703
1,1,2013,Charter,Arrival,Domestic,24
1,1,2013,Charter,Departure,Domestic,35
1,1,2013,Scheduled,Departure,Domestic,18058
1,1,2013,Scheduled,Arrival,Domestic,18077
2,1,2013,Scheduled,Departure,Domestic,16407
2,1,2013,Charter,Departure,International,2
2,1,2013,Charter,Arrival,Domestic,15
2,1,2013,Charter,Departure,Domestic,13
2,1,2013,Scheduled,Arrival,International,3246
2,1,2013,Charter,Arrival,International,3
2,1,2013,Scheduled,Departure,International,3223
2,1,2013,Scheduled,Arrival,Domestic,16395
3,1,2013,Scheduled,Arrival,International,3714
3,1,2013,Scheduled,Departure,Domestic,19048
3,1,2013,Charter,Arrival,International,4
3,1,2013,Scheduled,Departure,International,3712
3,1,2013,Charter,Departure,International,3
3,1,2013,Charter,Arrival,Domestic,28
3,1,2013,Scheduled,Arrival,Domestic,19066
3,1,2013,Charter,Departure,Domestic,29
4,1,2013,Scheduled,Departure,International,3639
4,1,2013,Charter,Departure,International,3
4,1,2013,Scheduled,Departure,Domestic,18730
4,1,2013,Charter,Departure,Domestic,29
4,1,2013,Charter,Arrival,Domestic,26
4,1,2013,Charter,Arrival,International,5
4,1,2013,Scheduled,Arrival,Domestic,18689
4,1,2013,Scheduled,Arrival,International,3653
5,1,2013,Scheduled,Departure,International,3830
5,1,2013,Scheduled,Arrival,Domestic,19720
5,1,2013,Charter,Departure,Domestic,8
5,1,2013,Scheduled,Departure,Domestic,19745
5,1,2013,Charter,Arrival,International,1
5,1,2013,Scheduled,Arrival,International,3822
5,1,2013,Charter,Arrival,Domestic,12
5,1,2013,Charter,Departure,International,2
6,1,2013,Scheduled,Departure,Domestic,20480
6,1,2013,Charter,Departure,Domestic,9
6,1,2013,Scheduled,Departure,International,3921
6,1,2013,Scheduled,Arrival,Domestic,20485
6,1,2013,Charter,Departure,International,3
6,1,2013,Scheduled,Arrival,International,3939
6,1,2013,Charter,Arrival,International,5
6,1,2013,Charter,Arrival,Domestic,9
7,1,2013,Scheduled,Arrival,Domestic,21463
7,1,2013,Scheduled,Departure,Domestic,21441
7,1,2013,Charter,Arrival,Domestic,14
7,1,2013,Charter,Departure,Domestic,11
7,1,2013,Scheduled,Departure,International,4390
7,1,2013,Scheduled,Arrival,International,4380
7,1,2013,Charter,Departure,International,7
7,1,2013,Charter,Arrival,International,7
8,1,2013,Charter,Arrival,International,5
8,1,2013,Scheduled,Arrival,Domestic,21084
8,1,2013,Charter,Departure,International,3
8,1,2013,Scheduled,Departure,Domestic,21073
8,1,2013,Charter,Arrival,Domestic,14
8,1,2013,Scheduled,Arrival,International,4308
8,1,2013,Charter,Departure,Domestic,12
8,1,2013,Scheduled,Departure,International,4322
9,1,2013,Scheduled,Departure,International,3825
9,1,2013,Charter,Departure,Domestic,15
9,1,2013,Charter,Arrival,Domestic,18
9,1,2013,Scheduled,Departure,Domestic,19465
9,1,2013,Scheduled,Arrival,International,3812
9,1,2013,Scheduled,Arrival,Domestic,19462
9,1,2013,Charter,Arrival,International,14
9,1,2013,Charter,Departure,International,10
10,1,2013,Scheduled,Arrival,Domestic,20104
10,1,2013,Charter,Departure,Domestic,28
10,1,2013,Scheduled,Departure,Domestic,20116
10,1,2013,Scheduled,Arrival,International,3830
10,1,2013,Scheduled,Departure,International,3843
10,1,2013,Charter,Departure,International,3
10,1,2013,Charter,Arrival,International,7
10,1,2013,Charter,Arrival,Domestic,24
11,1,2013,Scheduled,Departure,International,3568
11,1,2013,Scheduled,Departure,Domestic,18759
11,1,2013,Charter,Arrival,International,8
11,1,2013,Charter,Arrival,Domestic,34
11,1,2013,Scheduled,Arrival,Domestic,18774
11,1,2013,Charter,Departure,Domestic,31
11,1,2013,Scheduled,Arrival,International,3563
11,1,2013,Charter,Departure,International,3
12,1,2013,Charter,Departure,Domestic,39
12,1,2013,Scheduled,Arrival,Domestic,20092
12,1,2013,Charter,Arrival,International,5
12,1,2013,Scheduled,Departure,Domestic,20058
12,1,2013,Charter,Arrival,Domestic,45
12,1,2013,Scheduled,Departure,International,3890
12,1,2013,Scheduled,Arrival,International,3891
12,1,2013,Charter,Departure,International,4
1,1,2014,Charter,Departure,Domestic,70
1,1,2014,Scheduled,Departure,International,3911
1,1,2014,Charter,Arrival,International,6
1,1,2014,Charter,Arrival,Domestic,57
1,1,2014,Scheduled,Arrival,Domestic,19312
1,1,2014,Scheduled,Departure,Domestic,19319
1,1,2014,Scheduled,Arrival,International,3913
2,1,2014,Scheduled,Arrival,International,3418
2,1,2014,Charter,Arrival,Domestic,21
2,1,2014,Charter,Arrival,International,9
2,1,2014,Scheduled,Arrival,Domestic,17324
2,1,2014,Charter,Departure,Domestic,24
2,1,2014,Charter,Departure,International,1
2,1,2014,Scheduled,Departure,International,3426
2,1,2014,Scheduled,Departure,Domestic,17312
3,1,2014,Charter,Departure,International,9
3,1,2014,Scheduled,Departure,International,3996
3,1,2014,Scheduled,Arrival,International,3993
3,1,2014,Scheduled,Departure,Domestic,20186
3,1,2014,Charter,Arrival,International,11
3,1,2014,Charter,Departure,Domestic,43
3,1,2014,Scheduled,Arrival,Domestic,20156
3,1,2014,Charter,Arrival,Domestic,43
4,1,2014,Charter,Departure,International,4
4,1,2014,Charter,Arrival,Domestic,28
4,1,2014,Scheduled,Departure,Domestic,19623
4,1,2014,Charter,Departure,Domestic,31
4,1,2014,Scheduled,Departure,International,3918
4,1,2014,Charter,Arrival,International,8
4,1,2014,Scheduled,Arrival,International,3904
4,1,2014,Scheduled,Arrival,Domestic,19567
5,1,2014,Charter,Arrival,Domestic,13
5,1,2014,Charter,Arrival,International,3
5,1,2014,Scheduled,Arrival,Domestic,20485
5,1,2014,Charter,Departure,Domestic,13
5,1,2014,Scheduled,Arrival,International,4105
5,1,2014,Scheduled,Departure,Domestic,20488
5,1,2014,Scheduled,Departure,International,4130
6,1,2014,Scheduled,Departure,Domestic,20981
6,1,2014,Scheduled,Arrival,Domestic,20994
6,1,2014,Scheduled,Arrival,International,4304
6,1,2014,Charter,Departure,Domestic,12
6,1,2014,Charter,Arrival,International,2
6,1,2014,Charter,Arrival,Domestic,11
6,1,2014,Scheduled,Departure,International,4331
7,1,2014,Charter,Arrival,International,2
7,1,2014,Charter,Departure,Domestic,17
7,1,2014,Scheduled,Arrival,Domestic,22120
7,1,2014,Charter,Arrival,Domestic,18
7,1,2014,Scheduled,Departure,Domestic,22112
7,1,2014,Scheduled,Departure,International,4683
7,1,2014,Charter,Departure,International,1
7,1,2014,Scheduled,Arrival,International,4650
8,1,2014,Scheduled,Arrival,International,4523
8,1,2014,Scheduled,Departure,International,4588
8,1,2014,Charter,Arrival,Domestic,17
8,1,2014,Scheduled,Departure,Domestic,21517
8,1,2014,Charter,Arrival,International,2
8,1,2014,Scheduled,Arrival,Domestic,21552
8,1,2014,Charter,Departure,Domestic,17
9,1,2014,Scheduled,Departure,International,3953
9,1,2014,Charter,Departure,International,2
9,1,2014,Charter,Arrival,Domestic,17
9,1,2014,Scheduled,Arrival,International,3929
9,1,2014,Charter,Departure,Domestic,24
9,1,2014,Charter,Arrival,International,8
9,1,2014,Scheduled,Arrival,Domestic,19736
9,1,2014,Scheduled,Departure,Domestic,19702
10,1,2014,Scheduled,Arrival,Domestic,20577
10,1,2014,Scheduled,Arrival,International,3901
10,1,2014,Charter,Departure,International,1
10,1,2014,Charter,Arrival,International,3
10,1,2014,Scheduled,Departure,International,4033
10,1,2014,Charter,Departure,Domestic,44
10,1,2014,Charter,Arrival,Domestic,37
10,1,2014,Scheduled,Departure,Domestic,20303
11,1,2014,Charter,Arrival,International,6
11,1,2014,Charter,Arrival,Domestic,32
11,1,2014,Charter,Departure,International,4
11,1,2014,Scheduled,Departure,International,3752
11,1,2014,Scheduled,Arrival,Domestic,18941
11,1,2014,Scheduled,Departure,Domestic,18836
11,1,2014,Scheduled,Arrival,International,3627
11,1,2014,Charter,Departure,Domestic,30
12,1,2014,Charter,Departure,International,2
12,1,2014,Charter,Arrival,Domestic,25
12,1,2014,Charter,Departure,Domestic,30
12,1,2014,Scheduled,Arrival,Domestic,19548
12,1,2014,Scheduled,Departure,International,4129
12,1,2014,Charter,Arrival,International,7
12,1,2014,Scheduled,Arrival,International,4020
12,1,2014,Scheduled,Departure,Domestic,19423
1,1,2015,Charter,Departure,International,17
1,1,2015,Scheduled,Arrival,International,4122
1,1,2015,Scheduled,Departure,Domestic,19501
1,1,2015,Charter,Arrival,Domestic,33
1,1,2015,Charter,Departure,Domestic,33
1,1,2015,Scheduled,Arrival,Domestic,19564
1,1,2015,Charter,Arrival,International,11
1,1,2015,Scheduled,Departure,International,4209
2,1,2015,Scheduled,Departure,International,3630
2,1,2015,Scheduled,Arrival,Domestic,17654
2,1,2015,Scheduled,Departure,Domestic,17583
2,1,2015,Charter,Arrival,International,5
2,1,2015,Charter,Arrival,Domestic,24
2,1,2015,Scheduled,Arrival,International,3534
2,1,2015,Charter,Departure,International,4
2,1,2015,Charter,Departure,Domestic,20
3,1,2015,Scheduled,Departure,International,4157
3,1,2015,Charter,Arrival,Domestic,32
3,1,2015,Scheduled,Arrival,International,4082
3,1,2015,Charter,Departure,International,1
3,1,2015,Scheduled,Departure,Domestic,20344
3,1,2015,Charter,Arrival,International,4
3,1,2015,Charter,Departure,Domestic,33
3,1,2015,Scheduled,Arrival,Domestic,20427
4,1,2015,Scheduled,Arrival,International,4175
4,1,2015,Charter,Departure,International,2
4,1,2015,Charter,Departure,Domestic,29
4,1,2015,Scheduled,Departure,International,4222
4,1,2015,Charter,Arrival,International,4
4,1,2015,Scheduled,Arrival,Domestic,19664
4,1,2015,Scheduled,Departure,Domestic,19870
4,1,2015,Charter,Arrival,Domestic,28
5,1,2015,Scheduled,Arrival,Domestic,20386
5,1,2015,Scheduled,Arrival,International,4443
5,1,2015,Charter,Departure,International,1
5,1,2015,Charter,Arrival,Domestic,18
5,1,2015,Scheduled,Departure,International,4503
5,1,2015,Charter,Departure,Domestic,17
5,1,2015,Scheduled,Departure,Domestic,20324
5,1,2015,Charter,Arrival,International,2
6,1,2015,Scheduled,Arrival,International,4644
6,1,2015,Scheduled,Departure,International,4690
6,1,2015,Charter,Departure,International,1
6,1,2015,Scheduled,Departure,Domestic,20721
6,1,2015,Charter,Arrival,Domestic,10
6,1,2015,Scheduled,Arrival,Domestic,20774
6,1,2015,Charter,Departure,Domestic,15
6,1,2015,Charter,Arrival,International,6
7,1,2015,Scheduled,Arrival,Domestic,21691
7,1,2015,Scheduled,Arrival,International,5066
7,1,2015,Scheduled,Departure,Domestic,21658
7,1,2015,Scheduled,Departure,International,5134
7,1,2015,Charter,Arrival,Domestic,7
7,1,2015,Charter,Departure,Domestic,11
7,1,2015,Charter,Arrival,International,3
8,1,2015,Scheduled,Arrival,International,5006
8,1,2015,Charter,Departure,International,2
8,1,2015,Charter,Arrival,International,4
8,1,2015,Charter,Departure,Domestic,4
8,1,2015,Charter,Arrival,Domestic,2
8,1,2015,Scheduled,Departure,Domestic,21356
8,1,2015,Scheduled,Arrival,Domestic,21393
8,1,2015,Scheduled,Departure,International,5067
9,1,2015,Scheduled,Departure,Domestic,19512
9,1,2015,Scheduled,Departure,International,4504
9,1,2015,Charter,Departure,Domestic,11
9,1,2015,Charter,Arrival,Domestic,11
9,1,2015,Scheduled,Arrival,Domestic,19541
9,1,2015,Scheduled,Arrival,International,4444
9,1,2015,Charter,Arrival,International,2
10,1,2015,Charter,Arrival,International,8
10,1,2015,Charter,Departure,International,6
10,1,2015,Scheduled,Arrival,Domestic,20341
10,1,2015,Scheduled,Departure,International,4556
10,1,2015,Scheduled,Departure,Domestic,20261
10,1,2015,Charter,Arrival,Domestic,26
10,1,2015,Scheduled,Arrival,International,4489
10,1,2015,Charter,Departure,Domestic,26
11,1,2015,Charter,Arrival,Domestic,32
11,1,2015,Scheduled,Arrival,International,4158
11,1,2015,Charter,Departure,Domestic,33
11,1,2015,Charter,Departure,International,1
11,1,2015,Scheduled,Arrival,Domestic,19310
11,1,2015,Scheduled,Departure,Domestic,19254
11,1,2015,Scheduled,Departure,International,4148
11,1,2015,Charter,Arrival,International,2
12,1,2015,Scheduled,Arrival,Domestic,20147
12,1,2015,Charter,Arrival,International,8
12,1,2015,Scheduled,Arrival,International,4538
12,1,2015,Charter,Departure,International,6
12,1,2015,Scheduled,Departure,International,4523
12,1,2015,Scheduled,Departure,Domestic,20106
12,1,2015,Charter,Arrival,Domestic,42
12,1,2015,Charter,Departure,Domestic,36
1,1,2016,Charter,Departure,Domestic,53
1,1,2016,Scheduled,Departure,Domestic,19451
1,1,2016,Scheduled,Arrival,Domestic,19443
1,1,2016,Scheduled,Arrival,International,4517
1,1,2016,Charter,Arrival,Domestic,41
1,1,2016,Charter,Departure,International,5
1,1,2016,Charter,Arrival,International,7
1,1,2016,Scheduled,Departure,International,4500
2,1,2016,Scheduled,Arrival,Domestic,18427
2,1,2016,Scheduled,Departure,Domestic,18420
2,1,2016,Scheduled,Departure,International,4141
2,1,2016,Charter,Departure,Domestic,25
2,1,2016,Charter,Arrival,Domestic,22
2,1,2016,Charter,Departure,International,7
2,1,2016,Scheduled,Arrival,International,4079
2,1,2016,Charter,Arrival,International,10
3,1,2016,Scheduled,Departure,International,4565
3,1,2016,Charter,Departure,Domestic,16
3,1,2016,Charter,Arrival,Domestic,20
3,1,2016,Scheduled,Arrival,International,4543
3,1,2016,Scheduled,Departure,Domestic,20539
3,1,2016,Scheduled,Arrival,Domestic,20568
3,1,2016,Charter,Arrival,International,2
3,1,2016,Charter,Departure,International,4
4,1,2016,Charter,Arrival,Domestic,24
4,1,2016,Charter,Arrival,International,6
4,1,2016,Scheduled,Arrival,Domestic,19952
4,1,2016,Scheduled,Departure,International,4539
4,1,2016,Scheduled,Arrival,International,4569
4,1,2016,Charter,Departure,Domestic,23
4,1,2016,Scheduled,Departure,Domestic,20005
4,1,2016,Charter,Departure,International,8
5,1,2016,Charter,Departure,International,4
5,1,2016,Charter,Departure,Domestic,15
5,1,2016,Scheduled,Arrival,International,4893
5,1,2016,Scheduled,Departure,International,4898
5,1,2016,Charter,Arrival,Domestic,10
5,1,2016,Scheduled,Arrival,Domestic,20862
5,1,2016,Charter,Arrival,International,6
5,1,2016,Scheduled,Departure,Domestic,21231
6,1,2016,Scheduled,Arrival,International,5091
6,1,2016,Scheduled,Departure,Domestic,22326
6,1,2016,Charter,Arrival,International,4
6,1,2016,Charter,Departure,International,6
6,1,2016,Charter,Arrival,Domestic,8
6,1,2016,Scheduled,Departure,International,5031
6,1,2016,Charter,Departure,Domestic,7
6,1,2016,Scheduled,Arrival,Domestic,22288
7,1,2016,Charter,Departure,International,5
7,1,2016,Scheduled,Departure,International,5534
7,1,2016,Charter,Arrival,International,5
7,1,2016,Charter,Arrival,Domestic,10
7,1,2016,Scheduled,Arrival,International,5549
7,1,2016,Scheduled,Departure,Domestic,22987
7,1,2016,Scheduled,Arrival,Domestic,22940
7,1,2016,Charter,Departure,Domestic,7
8,1,2016,Charter,Arrival,Domestic,6
8,1,2016,Scheduled,Departure,Domestic,22989
8,1,2016,Scheduled,Departure,International,5459
8,1,2016,Charter,Arrival,International,2
8,1,2016,Scheduled,Arrival,International,5401
8,1,2016,Charter,Departure,Domestic,7
8,1,2016,Scheduled,Arrival,Domestic,22983
9,1,2016,Charter,Departure,International,1
9,1,2016,Scheduled,Departure,Domestic,20739
9,1,2016,Charter,Arrival,International,21
9,1,2016,Scheduled,Departure,International,4876
9,1,2016,Scheduled,Arrival,International,4809
9,1,2016,Scheduled,Arrival,Domestic,20712
9,1,2016,Charter,Arrival,Domestic,10
9,1,2016,Charter,Departure,Domestic,11
10,1,2016,Charter,Arrival,International,5
10,1,2016,Charter,Departure,Domestic,27
10,1,2016,Scheduled,Arrival,International,4941
10,1,2016,Charter,Arrival,Domestic,25
10,1,2016,Scheduled,Arrival,Domestic,21415
10,1,2016,Scheduled,Departure,International,4995
10,1,2016,Scheduled,Departure,Domestic,21371
10,1,2016,Charter,Departure,International,1
11,1,2016,Charter,Departure,Domestic,35
11,1,2016,Scheduled,Arrival,International,4617
11,1,2016,Charter,Departure,International,1
11,1,2016,Scheduled,Departure,International,4680
11,1,2016,Charter,Arrival,Domestic,32
11,1,2016,Charter,Arrival,International,2
11,1,2016,Scheduled,Departure,Domestic,20582
11,1,2016,Scheduled,Arrival,Domestic,20565
12,1,2016,Charter,Arrival,Domestic,38
12,1,2016,Scheduled,Departure,Domestic,21226
12,1,2016,Scheduled,Departure,International,5363
12,1,2016,Scheduled,Arrival,Domestic,21204
12,1,2016,Charter,Departure,International,2
12,1,2016,Charter,Departure,Domestic,27
12,1,2016,Scheduled,Arrival,International,5330
12,1,2016,Charter,Arrival,International,9
1,1,2017,Scheduled,Departure,International,5188
1,1,2017,Charter,Arrival,Domestic,26
1,1,2017,Charter,Departure,International,4
1,1,2017,Scheduled,Arrival,International,5195
1,1,2017,Charter,Departure,Domestic,38
1,1,2017,Charter,Arrival,International,7
1,1,2017,Scheduled,Departure,Domestic,20643
1,1,2017,Scheduled,Arrival,Domestic,20572
2,1,2017,Scheduled,Departure,Domestic,18479
2,1,2017,Scheduled,Departure,International,4611
2,1,2017,Charter,Arrival,Domestic,22
2,1,2017,Scheduled,Arrival,Domestic,18465
2,1,2017,Scheduled,Arrival,International,4564
2,1,2017,Charter,Departure,Domestic,21
2,1,2017,Charter,Arrival,International,2
3,1,2017,Scheduled,Departure,Domestic,21447
3,1,2017,Charter,Arrival,International,6
3,1,2017,Charter,Arrival,Domestic,43
3,1,2017,Scheduled,Arrival,Domestic,21482
3,1,2017,Charter,Departure,Domestic,46
3,1,2017,Scheduled,Departure,International,5193
3,1,2017,Scheduled,Arrival,International,5138
4,1,2017,Charter,Arrival,Domestic,7
4,1,2017,Charter,Departure,Domestic,3
4,1,2017,Charter,Arrival,International,3
4,1,2017,Scheduled,Departure,Domestic,20507
4,1,2017,Scheduled,Arrival,Domestic,20516
4,1,2017,Scheduled,Arrival,International,5236
4,1,2017,Scheduled,Departure,International,5240
4,1,2017,Charter,Departure,International,6
5,1,2017,Scheduled,Arrival,Domestic,21413
5,1,2017,Charter,Arrival,Domestic,16
5,1,2017,Charter,Departure,Domestic,16
5,1,2017,Scheduled,Departure,Domestic,21365
5,1,2017,Scheduled,Departure,International,5457
5,1,2017,Charter,Arrival,International,4
5,1,2017,Scheduled,Arrival,International,5412
6,1,2017,Scheduled,Departure,Domestic,21955
6,1,2017,Charter,Departure,Domestic,9
6,1,2017,Scheduled,Arrival,Domestic,21996
6,1,2017,Charter,Arrival,Domestic,8
6,1,2017,Scheduled,Arrival,International,5559
6,1,2017,Charter,Arrival,International,3
6,1,2017,Charter,Departure,International,1
6,1,2017,Scheduled,Departure,International,5615
7,1,2017,Charter,Arrival,International,1
7,1,2017,Charter,Arrival,Domestic,12
7,1,2017,Scheduled,Arrival,International,6017
7,1,2017,Scheduled,Arrival,Domestic,22664
7,1,2017,Scheduled,Departure,International,6072
7,1,2017,Charter,Departure,Domestic,14
7,1,2017,Scheduled,Departure,Domestic,22582
8,1,2017,Charter,Departure,Domestic,10
8,1,2017,Scheduled,Arrival,International,5872
8,1,2017,Scheduled,Arrival,Domestic,22599
8,1,2017,Scheduled,Departure,International,5922
8,1,2017,Charter,Arrival,International,1
8,1,2017,Charter,Arrival,Domestic,8
8,1,2017,Scheduled,Departure,Domestic,22667
9,1,2017,Charter,Arrival,International,1
9,1,2017,Scheduled,Departure,International,5290
9,1,2017,Charter,Departure,Domestic,11
9,1,2017,Scheduled,Arrival,Domestic,20351
9,1,2017,Scheduled,Arrival,International,5240
9,1,2017,Scheduled,Departure,Domestic,20293
9,1,2017,Charter,Arrival,Domestic,9
10,1,2017,Charter,Arrival,International,1
10,1,2017,Scheduled,Departure,Domestic,21353
10,1,2017,Scheduled,Arrival,Domestic,21395
10,1,2017,Charter,Departure,International,1
10,1,2017,Scheduled,Departure,International,5372
10,1,2017,Charter,Departure,Domestic,27
10,1,2017,Scheduled,Arrival,International,5322
10,1,2017,Charter,Arrival,Domestic,32
11,1,2017,Scheduled,Arrival,Domestic,20036
11,1,2017,Charter,Departure,Domestic,39
11,1,2017,Scheduled,Departure,International,5154
11,1,2017,Charter,Arrival,International,2
11,1,2017,Charter,Departure,International,2
11,1,2017,Scheduled,Arrival,International,5094
11,1,2017,Charter,Arrival,Domestic,37
11,1,2017,Scheduled,Departure,Domestic,19978
12,1,2017,Scheduled,Departure,Domestic,20797
12,1,2017,Charter,Arrival,Domestic,60
12,1,2017,Scheduled,Arrival,Domestic,20829
12,1,2017,Scheduled,Departure,International,5677
12,1,2017,Charter,Departure,Domestic,44
12,1,2017,Scheduled,Arrival,International,5629
1,1,2018,Scheduled,Departure,Domestic,20505
1,1,2018,Charter,Arrival,International,2
1,1,2018,Scheduled,Departure,International,5533
1,1,2018,Charter,Departure,Domestic,48
1,1,2018,Scheduled,Arrival,Domestic,20524
1,1,2018,Scheduled,Arrival,International,5527
1,1,2018,Charter,Arrival,Domestic,34
2,1,2018,Scheduled,Arrival,International,4822
2,1,2018,Charter,Arrival,Domestic,34
2,1,2018,Charter,Arrival,International,3
2,1,2018,Charter,Departure,International,2
2,1,2018,Scheduled,Arrival,Domestic,18553
2,1,2018,Charter,Departure,Domestic,31
2,1,2018,Scheduled,Departure,Domestic,18532
2,1,2018,Scheduled,Departure,International,4864
3,1,2018,Charter,Arrival,Domestic,27
3,1,2018,Charter,Arrival,International,3
3,1,2018,Scheduled,Departure,International,5493
3,1,2018,Charter,Departure,Domestic,29
3,1,2018,Scheduled,Arrival,International,5450
3,1,2018,Scheduled,Arrival,Domestic,21215
3,1,2018,Scheduled,Departure,Domestic,21190
4,1,2018,Scheduled,Departure,Domestic,21142
4,1,2018,Scheduled,Arrival,Domestic,21052
4,1,2018,Scheduled,Arrival,International,5389
4,1,2018,Charter,Arrival,Domestic,6
4,1,2018,Scheduled,Departure,International,5433
4,1,2018,Charter,Departure,Domestic,10
4,1,2018,Charter,Arrival,International,3
5,1,2018,Charter,Departure,International,1
5,1,2018,Scheduled,Arrival,International,5630
5,1,2018,Scheduled,Departure,Domestic,21976
5,1,2018,Scheduled,Arrival,Domestic,21920
5,1,2018,Scheduled,Departure,International,5695
5,1,2018,Charter,Arrival,Domestic,8
5,1,2018,Charter,Arrival,International,3
5,1,2018,Charter,Departure,Domestic,9
6,1,2018,Charter,Departure,International,2
6,1,2018,Charter,Arrival,Domestic,17
6,1,2018,Charter,Departure,Domestic,18
6,1,2018,Scheduled,Arrival,International,5753
6,1,2018,Scheduled,Departure,International,5676
6,1,2018,Scheduled,Arrival,Domestic,22171
6,1,2018,Charter,Arrival,International,1
6,1,2018,Scheduled,Departure,Domestic,22183
7,1,2018,Scheduled,Departure,Domestic,22811
7,1,2018,Charter,Arrival,Domestic,11
7,1,2018,Scheduled,Arrival,International,6117
7,1,2018,Charter,Departure,Domestic,13
7,1,2018,Scheduled,Arrival,Domestic,22851
7,1,2018,Scheduled,Departure,International,6177
8,1,2018,Charter,Departure,Domestic,10
8,1,2018,Charter,Arrival,International,1
8,1,2018,Scheduled,Departure,Domestic,22785
8,1,2018,Scheduled,Arrival,Domestic,22856
8,1,2018,Charter,Arrival,Domestic,9
8,1,2018,Scheduled,Departure,International,6043
8,1,2018,Scheduled,Arrival,International,5973
9,1,2018,Charter,Arrival,Domestic,18
9,1,2018,Charter,Arrival,International,2
9,1,2018,Scheduled,Departure,International,5406
9,1,2018,Scheduled,Arrival,International,5353
9,1,2018,Scheduled,Arrival,Domestic,20761
9,1,2018,Scheduled,Departure,Domestic,20684
9,1,2018,Charter,Departure,Domestic,19
10,1,2018,Charter,Arrival,Domestic,16
10,1,2018,Charter,Arrival,International,2
10,1,2018,Scheduled,Departure,International,5355
10,1,2018,Scheduled,Arrival,Domestic,21428
10,1,2018,Charter,Departure,Domestic,15
10,1,2018,Scheduled,Departure,Domestic,21351
10,1,2018,Scheduled,Arrival,International,5313
11,1,2018,Charter,Departure,Domestic,16
11,1,2018,Charter,Arrival,Domestic,17
11,1,2018,Scheduled,Arrival,International,4948
11,1,2018,Charter,Departure,International,1
11,1,2018,Scheduled,Departure,International,4999
11,1,2018,Charter,Arrival,International,1
11,1,2018,Scheduled,Departure,Domestic,20290
11,1,2018,Scheduled,Arrival,Domestic,20324
12,1,2018,Charter,Arrival,Domestic,31
12,1,2018,Scheduled,Departure,Domestic,21154
12,1,2018,Scheduled,Departure,International,5290
12,1,2018,Scheduled,Arrival,Domestic,21207
12,1,2018,Scheduled,Arrival,International,5254
12,1,2018,Charter,Departure,Domestic,29
1,1,2019,Charter,Arrival,Domestic,24
1,1,2019,Charter,Arrival,International,2
1,1,2019,Scheduled,Departure,Domestic,20411
1,1,2019,Charter,Departure,Domestic,28
1,1,2019,Charter,Departure,International,2
1,1,2019,Scheduled,Arrival,Domestic,20452
1,1,2019,Scheduled,Arrival,International,5002
1,1,2019,Scheduled,Departure,International,5131
2,1,2019,Charter,Arrival,International,1
2,1,2019,Scheduled,Arrival,International,4469
2,1,2019,Charter,Departure,International,0
2,1,2019,Charter,Arrival,Domestic,6
2,1,2019,Charter,Departure,Domestic,5
2,1,2019,Scheduled,Departure,International,4498
2,1,2019,Scheduled,Arrival,Domestic,18390
2,1,2019,Scheduled,Departure,Domestic,18357
3,1,2019,Charter,Arrival,Domestic,4
3,1,2019,Scheduled,Departure,International,5104
3,1,2019,Scheduled,Arrival,International,5086
3,1,2019,Charter,Departure,International,0
3,1,2019,Charter,Arrival,International,1
3,1,2019,Charter,Departure,Domestic,4
3,1,2019,Scheduled,Arrival,Domestic,21354
3,1,2019,Scheduled,Departure,Domestic,21335
4,1,2019,Charter,Arrival,Domestic,15
4,1,2019,Charter,Departure,International,1
4,1,2019,Scheduled,Departure,Domestic,20347
4,1,2019,Charter,Departure,Domestic,15
4,1,2019,Scheduled,Arrival,Domestic,20350
4,1,2019,Charter,Arrival,International,2
4,1,2019,Scheduled,Arrival,International,5124
4,1,2019,Scheduled,Departure,International,5198
5,1,2019,Scheduled,Arrival,International,5280
5,1,2019,Scheduled,Departure,Domestic,21018
5,1,2019,Charter,Departure,International,2
5,1,2019,Charter,Arrival,International,2
5,1,2019,Scheduled,Departure,International,5358
5,1,2019,Charter,Arrival,Domestic,10
5,1,2019,Charter,Departure,Domestic,8
5,1,2019,Scheduled,Arrival,Domestic,21034
6,1,2019,Scheduled,Arrival,Domestic,21483
6,1,2019,Charter,Arrival,International,2
6,1,2019,Charter,Departure,International,2
6,1,2019,Scheduled,Departure,Domestic,21473
6,1,2019,Charter,Arrival,Domestic,9
6,1,2019,Scheduled,Departure,International,5428
6,1,2019,Charter,Departure,Domestic,6
6,1,2019,Scheduled,Arrival,International,5344
7,1,2019,Charter,Departure,Domestic,15
7,1,2019,Charter,Arrival,International,4
7,1,2019,Charter,Arrival,Domestic,10
7,1,2019,Scheduled,Arrival,Domestic,22688
7,1,2019,Scheduled,Departure,International,5776
7,1,2019,Scheduled,Departure,Domestic,22688
7,1,2019,Charter,Departure,International,1
7,1,2019,Scheduled,Arrival,International,5743
8,1,2019,Charter,Arrival,Domestic,8
8,1,2019,Scheduled,Departure,Domestic,22605
8,1,2019,Scheduled,Arrival,International,5567
8,1,2019,Scheduled,Arrival,Domestic,22701
8,1,2019,Charter,Arrival,International,3
8,1,2019,Charter,Departure,Domestic,10
8,1,2019,Scheduled,Departure,International,5602
8,1,2019,Charter,Departure,International,0
9,1,2019,Charter,Departure,International,2
9,1,2019,Scheduled,Arrival,Domestic,20260
9,1,2019,Charter,Arrival,International,3
9,1,2019,Charter,Arrival,Domestic,16
9,1,2019,Scheduled,Departure,International,4980
9,1,2019,Scheduled,Departure,Domestic,20267
9,1,2019,Scheduled,Arrival,International,5068
9,1,2019,Charter,Departure,Domestic,15
10,1,2019,Charter,Departure,International,0
10,1,2019,Scheduled,Departure,Domestic,20895
10,1,2019,Scheduled,Arrival,Domestic,20872
10,1,2019,Charter,Departure,Domestic,17
10,1,2019,Charter,Arrival,Domestic,18
10,1,2019,Scheduled,Departure,International,5068
10,1,2019,Charter,Arrival,International,2
10,1,2019,Scheduled,Arrival,International,5025
11,1,2019,Charter,Arrival,Domestic,15
11,1,2019,Scheduled,Arrival,International,4715
11,1,2019,Scheduled,Arrival,Domestic,19846
11,1,2019,Scheduled,Departure,Domestic,19893
11,1,2019,Charter,Departure,International,0
11,1,2019,Charter,Departure,Domestic,13
11,1,2019,Scheduled,Departure,International,4708
11,1,2019,Charter,Arrival,International,1
12,1,2019,Charter,Departure,Domestic,19
12,1,2019,Scheduled,Arrival,International,5103
12,1,2019,Scheduled,Departure,International,5105
12,1,2019,Charter,Arrival,International,4
12,1,2019,Scheduled,Departure,Domestic,21338
12,1,2019,Charter,Arrival,Domestic,15
12,1,2019,Scheduled,Arrival,Domestic,21317
1,1,2020,Scheduled,Departure,Domestic,20326
1,1,2020,Charter,Arrival,Domestic,14
1,1,2020,Scheduled,Departure,International,4919
1,1,2020,Charter,Arrival,International,3
1,1,2020,Scheduled,Arrival,Domestic,20269
1,1,2020,Scheduled,Arrival,International,4928
1,1,2020,Charter,Departure,Domestic,18
1,1,2020,Charter,Departure,International,0
2,1,2020,Scheduled,Departure,Domestic,19014
2,1,2020,Scheduled,Arrival,Domestic,18991
2,1,2020,Charter,Departure,International,2
2,1,2020,Charter,Arrival,International,2
2,1,2020,Charter,Departure,Domestic,17
2,1,2020,Scheduled,Departure,International,4141
2,1,2020,Charter,Arrival,Domestic,17
2,1,2020,Scheduled,Arrival,International,4142
3,1,2020,Scheduled,Departure,International,3222
3,1,2020,Scheduled,Departure,Domestic,17754
3,1,2020,Scheduled,Arrival,Domestic,17777
3,1,2020,Scheduled,Arrival,International,3259
3,1,2020,Charter,Arrival,Domestic,6
3,1,2020,Charter,Departure,International,4
3,1,2020,Charter,Arrival,International,7
3,1,2020,Charter,Departure,Domestic,10
4,1,2020,Scheduled,Departure,International,589
4,1,2020,Scheduled,Arrival,International,592
4,1,2020,Scheduled,Departure,Domestic,4957
4,1,2020,Charter,Departure,International,9
4,1,2020,Charter,Arrival,Domestic,6
4,1,2020,Charter,Departure,Domestic,5
4,1,2020,Charter,Arrival,International,8
4,1,2020,Scheduled,Arrival,Domestic,4935
5,1,2020,Charter,Departure,Domestic,7
5,1,2020,Scheduled,Arrival,Domestic,4106
5,1,2020,Charter,Arrival,Domestic,8
5,1,2020,Charter,Departure,International,5
5,1,2020,Scheduled,Departure,Domestic,4119
5,1,2020,Scheduled,Departure,International,552
5,1,2020,Charter,Arrival,International,2
5,1,2020,Scheduled,Arrival,International,561
6,1,2020,Scheduled,Departure,International,657
6,1,2020,Charter,Departure,Domestic,7
6,1,2020,Scheduled,Arrival,Domestic,5519
6,1,2020,Scheduled,Arrival,International,659
6,1,2020,Charter,Arrival,Domestic,8
6,1,2020,Scheduled,Departure,Domestic,5650
7,1,2020,Charter,Departure,Domestic,12
7,1,2020,Charter,Arrival,Domestic,10
7,1,2020,Charter,Arrival,International,7
7,1,2020,Scheduled,Departure,International,1037
7,1,2020,Scheduled,Departure,Domestic,8998
7,1,2020,Scheduled,Arrival,International,1027
7,1,2020,Charter,Departure,International,11
7,1,2020,Scheduled,Arrival,Domestic,9027
8,1,2020,Charter,Arrival,International,8
8,1,2020,Scheduled,Arrival,International,1185
8,1,2020,Charter,Arrival,Domestic,16
8,1,2020,Charter,Departure,Domestic,16
8,1,2020,Scheduled,Departure,International,1175
8,1,2020,Scheduled,Arrival,Domestic,9758
8,1,2020,Charter,Departure,International,8
8,1,2020,Scheduled,Departure,Domestic,9763
9,1,2020,Scheduled,Departure,International,1267
9,1,2020,Scheduled,Arrival,Domestic,8544
9,1,2020,Charter,Departure,Domestic,18
9,1,2020,Scheduled,Departure,Domestic,8548
9,1,2020,Scheduled,Arrival,International,1254
9,1,2020,Charter,Arrival,Domestic,21
10,1,2020,Scheduled,Arrival,International,1513
10,1,2020,Charter,Departure,Domestic,26
10,1,2020,Scheduled,Arrival,Domestic,9442
10,1,2020,Scheduled,Departure,International,1515
10,1,2020,Charter,Departure,International,1
10,1,2020,Charter,Arrival,Domestic,26
10,1,2020,Charter,Arrival,International,2
10,1,2020,Scheduled,Departure,Domestic,9451
11,1,2020,Charter,Departure,Domestic,31
11,1,2020,Scheduled,Arrival,International,1636
11,1,2020,Scheduled,Departure,Domestic,9854
11,1,2020,Charter,Departure,International,0
11,1,2020,Scheduled,Arrival,Domestic,9883
11,1,2020,Charter,Arrival,Domestic,28
11,1,2020,Charter,Arrival,International,1
11,1,2020,Scheduled,Departure,International,1645
12,1,2020,Charter,Departure,Domestic,15
12,1,2020,Charter,Arrival,Domestic,19
12,1,2020,Scheduled,Arrival,Domestic,10578
12,1,2020,Scheduled,Arrival,International,2081
12,1,2020,Scheduled,Departure,Domestic,10609
12,1,2020,Scheduled,Departure,International,2021
12,1,2020,Charter,Arrival,International,3
1,1,2021,Scheduled,Arrival,International,2248
1,1,2021,Scheduled,Arrival,Domestic,10110
1,1,2021,Charter,Arrival,Domestic,15
1,1,2021,Charter,Departure,International,3
1,1,2021,Scheduled,Departure,International,2303
1,1,2021,Charter,Departure,Domestic,18
1,1,2021,Charter,Arrival,International,4
1,1,2021,Scheduled,Departure,Domestic,10142
2,1,2021,Scheduled,Departure,International,1690
2,1,2021,Scheduled,Arrival,International,1619
2,1,2021,Scheduled,Arrival,Domestic,9037
2,1,2021,Charter,Arrival,International,1
2,1,2021,Scheduled,Departure,Domestic,9044
2,1,2021,Charter,Departure,Domestic,11
2,1,2021,Charter,Arrival,Domestic,10
3,1,2021,Charter,Departure,Domestic,19
3,1,2021,Scheduled,Arrival,Domestic,11764
3,1,2021,Scheduled,Arrival,International,1721
3,1,2021,Scheduled,Departure,Domestic,11771
3,1,2021,Scheduled,Departure,International,1727
3,1,2021,Charter,Arrival,Domestic,18
4,1,2021,Charter,Departure,Domestic,23
4,1,2021,Scheduled,Arrival,Domestic,12171
4,1,2021,Charter,Arrival,International,2
4,1,2021,Scheduled,Departure,International,1928
4,1,2021,Scheduled,Departure,Domestic,12179
4,1,2021,Charter,Arrival,Domestic,17
4,1,2021,Scheduled,Arrival,International,1911
5,1,2021,Scheduled,Arrival,International,2325
5,1,2021,Charter,Arrival,International,2
5,1,2021,Scheduled,Departure,International,2369
5,1,2021,Scheduled,Arrival,Domestic,14434
5,1,2021,Charter,Departure,Domestic,36
5,1,2021,Scheduled,Departure,Domestic,14479
5,1,2021,Charter,Arrival,Domestic,34
6,1,2021,Scheduled,Arrival,Domestic,16519
6,1,2021,Charter,Departure,International,0
6,1,2021,Scheduled,Departure,Domestic,16534
6,1,2021,Scheduled,Arrival,International,2646
6,1,2021,Charter,Departure,Domestic,26
6,1,2021,Charter,Arrival,International,2
6,1,2021,Charter,Arrival,Domestic,22
6,1,2021,Scheduled,Departure,International,2573
7,1,2021,Charter,Departure,Domestic,29
7,1,2021,Charter,Arrival,Domestic,28
7,1,2021,Scheduled,Arrival,Domestic,17890
7,1,2021,Scheduled,Departure,International,2977
7,1,2021,Charter,Departure,International,0
7,1,2021,Scheduled,Departure,Domestic,17881
7,1,2021,Charter,Arrival,International,2
7,1,2021,Scheduled,Arrival,International,2996
8,1,2021,Scheduled,Arrival,Domestic,17792
8,1,2021,Scheduled,Departure,Domestic,17966
8,1,2021,Charter,Departure,International,3
8,1,2021,Scheduled,Departure,International,3051
8,1,2021,Charter,Arrival,International,6
8,1,2021,Scheduled,Arrival,International,3131
8,1,2021,Charter,Departure,Domestic,32
8,1,2021,Charter,Arrival,Domestic,28
9,1,2021,Scheduled,Arrival,Domestic,16640
9,1,2021,Scheduled,Departure,International,2763
9,1,2021,Scheduled,Departure,Domestic,16643
9,1,2021,Scheduled,Arrival,International,2796
9,1,2021,Charter,Arrival,Domestic,37
9,1,2021,Charter,Departure,Domestic,37
10,1,2021,Charter,Departure,International,5
10,1,2021,Scheduled,Departure,International,2882
10,1,2021,Charter,Arrival,International,4
10,1,2021,Scheduled,Arrival,Domestic,17030
10,1,2021,Scheduled,Arrival,International,2873
10,1,2021,Scheduled,Departure,Domestic,17028
10,1,2021,Charter,Departure,Domestic,45
10,1,2021,Charter,Arrival,Domestic,43
11,1,2021,Scheduled,Departure,Domestic,16408
11,1,2021,Scheduled,Departure,International,3213
11,1,2021,Charter,Arrival,International,1
11,1,2021,Scheduled,Arrival,Domestic,16402
11,1,2021,Scheduled,Arrival,International,3201
11,1,2021,Charter,Departure,International,4
11,1,2021,Charter,Departure,Domestic,51
11,1,2021,Charter,Arrival,Domestic,55
12,1,2021,Charter,Departure,International,12
12,1,2021,Scheduled,Departure,Domestic,16011
12,1,2021,Scheduled,Arrival,International,3510
12,1,2021,Charter,Arrival,International,14
12,1,2021,Scheduled,Arrival,Domestic,16014
12,1,2021,Scheduled,Departure,International,3502
12,1,2021,Charter,Departure,Domestic,33
12,1,2021,Charter,Arrival,Domestic,30
1,1,2022,Charter,Arrival,International,10
1,1,2022,Scheduled,Departure,Domestic,15375
1,1,2022,Scheduled,Departure,International,3337
1,1,2022,Scheduled,Arrival,Domestic,15376
1,1,2022,Scheduled,Arrival,International,3339
1,1,2022,Charter,Departure,International,10
1,1,2022,Charter,Departure,Domestic,72
1,1,2022,Charter,Arrival,Domestic,74
2,1,2022,Scheduled,Arrival,Domestic,14132
2,1,2022,Scheduled,Departure,Domestic,14141
2,1,2022,Scheduled,Departure,International,2762
2,1,2022,Charter,Departure,International,1
2,1,2022,Scheduled,Arrival,International,2758
2,1,2022,Charter,Departure,Domestic,62
2,1,2022,Charter,Arrival,Domestic,64
3,1,2022,Charter,Departure,Domestic,85
3,1,2022,Charter,Departure,International,1
3,1,2022,Charter,Arrival,Domestic,84
3,1,2022,Scheduled,Departure,Domestic,16000
3,1,2022,Scheduled,Arrival,Domestic,15975
3,1,2022,Scheduled,Arrival,International,3306
3,1,2022,Scheduled,Departure,International,3305
4,1,2022,Scheduled,Arrival,International,3539
4,1,2022,Charter,Arrival,Domestic,98
4,1,2022,Scheduled,Departure,International,3545
4,1,2022,Scheduled,Departure,Domestic,15734
4,1,2022,Charter,Arrival,International,5
4,1,2022,Scheduled,Arrival,Domestic,15744
4,1,2022,Charter,Departure,Domestic,96
4,1,2022,Charter,Departure,International,4
5,1,2022,Charter,Arrival,Domestic,57
5,1,2022,Charter,Departure,Domestic,52
5,1,2022,Charter,Arrival,International,2
5,1,2022,Scheduled,Arrival,Domestic,16846
5,1,2022,Scheduled,Departure,International,3806
5,1,2022,Charter,Departure,International,3
5,1,2022,Scheduled,Arrival,International,3841
5,1,2022,Scheduled,Departure,Domestic,16860
6,1,2022,Charter,Departure,Domestic,23
6,1,2022,Charter,Arrival,Domestic,23
6,1,2022,Charter,Departure,International,1
6,1,2022,Scheduled,Arrival,International,4131
6,1,2022,Charter,Arrival,International,2
6,1,2022,Scheduled,Departure,Domestic,16920
6,1,2022,Scheduled,Arrival,Domestic,17513
6,1,2022,Scheduled,Departure,International,4144
7,1,2022,Charter,Departure,Domestic,36
7,1,2022,Scheduled,Arrival,Domestic,17141
7,1,2022,Scheduled,Departure,International,4518
7,1,2022,Charter,Arrival,International,2
7,1,2022,Scheduled,Departure,Domestic,17136
7,1,2022,Charter,Arrival,Domestic,39
7,1,2022,Charter,Departure,International,1
7,1,2022,Scheduled,Arrival,International,4523